sr no.,date,item_id,quantity,price_base,sum_total,store_id
0,04/08/2023,2.93376E+11,1,47.86,47.86,1
1,04/08/2023,a66fdf2c0ae7,3,49.6,148.8,1
2,04/08/2023,daa46ef49b7a,0.822,379,311.54,1
3,04/08/2023,a3b49c1bf758,1,129,129,1
4,04/08/2023,ab611c5cef62,7,79.9,559.3,1
5,04/08/2023,be3b7250209f,1,129.9,129.9,1
6,04/08/2023,651c34ed4958,1,89.9,89.9,1
7,04/08/2023,7390a33d7f34,2,119.9,239.8,1
8,04/08/2023,d2f975315972,1,89.9,89.9,1
9,04/08/2023,d788cc0f8e2a,5,159.9,799.5,1
10,04/08/2023,f0309b5a974b,1,59.9,59.9,1
11,04/08/2023,0aa837b93d7e,46.34,147.55,6837.45,1
12,04/08/2023,8fd19004e664,6,29.9,179.4,1
13,04/08/2023,5f3114373ddd,2,449.9,899.8,1
14,04/08/2023,393689c97532,2,99.9,199.8,1
15,04/08/2023,668df13645a2,2,149.9,299.8,1
16,04/08/2023,68b1397119e1,2,1282.04,2564.08,1
17,04/08/2023,8b2e530f97ab,2,49.9,99.8,1
18,04/08/2023,56edb7bdecaf,2,169.9,339.8,1
19,04/08/2023,0b211fdb94a9,5,219.9,1099.5,1
20,04/08/2023,8c9d638a9581,1,88,88,1
21,04/08/2023,bb71024009cb,1,110.9,110.9,1
22,04/08/2023,6a36bad625b6,1,134.9,134.9,1
23,04/08/2023,d862997509e4,6,18.59,111.52,1
24,04/08/2023,6f9d7773db65,2,129.9,259.8,1
25,04/08/2023,a8eedd96f742,1,1299.9,1299.9,1
26,04/08/2023,4006d7dc01f2,2,155,310,1
27,04/08/2023,17a5b102fcfb,1,229.9,229.9,1
28,04/08/2023,1baa52a07ad0,7,87.66,613.63,1
29,04/08/2023,3fe69c3913fa,1,199.9,199.9,1
30,04/08/2023,034037aebd6e,7,99.9,699.3,1
31,04/08/2023,5fa0bebd779f,29,42.9,1244.1,1
32,04/08/2023,a1666fae25ee,1,121.67,121.67,1
33,04/08/2023,9cea803407be,1,54.9,54.9,1
34,04/08/2023,15dc87b629e3,2.824,279,787.91,1
35,04/08/2023,009788312f95,2,59.9,119.8,1
36,04/08/2023,0780b159bd55,1,319.9,319.9,1
37,04/08/2023,4e83c27f85b2,1,190,190,1
38,04/08/2023,fababf301cde,18,39.9,718.2,1
39,04/08/2023,de61244fcc91,4,59.9,239.6,1
40,04/08/2023,9e780c68b6c1,1,64.9,64.9,1
41,04/08/2023,f1cc6216c8e6,4,63,252,1
42,04/08/2023,07bba8b6424a,5,39.72,198.6,1
43,04/08/2023,4d28af7c7654,3,73.24,219.72,1
44,04/08/2023,1b78a586a7ff,1,59.5,59.5,1
45,04/08/2023,7828df81f2d0,2,49.9,99.8,1
46,04/08/2023,1419f6dfcca9,3,27.9,83.7,1
47,04/08/2023,de8deca340de,1,34.9,34.9,1
48,04/08/2023,2b1d1ae21a0f,4,99.9,399.6,1
49,04/08/2023,f18795da117c,3.334,559,1863.71,1
50,04/08/2023,888d0e9669a6,1,339.9,339.9,1
51,04/08/2023,10930272a897,1,129.9,129.9,1
52,04/08/2023,1e71b6b39a7e,11,209.5,2304.54,1
53,04/08/2023,7a69c5ddb6ed,16,54.83,877.26,1
54,04/08/2023,6863d0f6243a,5,99.9,499.5,1
55,04/08/2023,7fee29b0a107,1.61,499,803.39,1
56,04/08/2023,9b561ac30434,6,42.4,254.41,1
57,04/08/2023,ea8f78452b8a,1,1150.9,1150.9,1
58,04/08/2023,e4e089c5c61d,2,79.9,159.8,1
59,04/08/2023,24557d20f701,1,129.9,129.9,1
60,04/08/2023,50b245105c0a,0.474,859.89,407.59,1
61,04/08/2023,30086f109c02,1,349,349,1
62,04/08/2023,19f2510e776d,2,157.67,315.33,1
63,04/08/2023,c156f13eaa60,6,49.9,299.4,1
64,04/08/2023,69731fcfc598,14.424,948.65,13683.36,1
65,04/08/2023,bccdf54c5e35,3,49.9,149.7,1
66,04/08/2023,47f6b46f5113,1,179.9,179.9,1
67,04/08/2023,042154adcb07,1,99.9,99.9,1
68,04/08/2023,13c62be475b6,4,239.78,959.11,1
69,04/08/2023,9f99af5f5387,2,119.9,239.8,1
70,04/08/2023,0a6198887287,4,229.9,919.6,1
71,04/08/2023,16781188edcd,28,29.56,827.54,1
72,04/08/2023,146d0854de82,3,42.42,127.25,1
73,04/08/2023,37baa055ea02,1,529.9,529.9,1
74,04/08/2023,e571cfe70872,5,67.07,335.35,1
75,04/08/2023,7df326b32b8c,11.925,346.05,4126.67,1
76,04/08/2023,e721400df85f,2,89.9,179.8,1
77,04/08/2023,4136e4372b1e,2,59.9,119.8,1
78,04/08/2023,8c1441c992b4,1,283.9,283.9,1
79,04/08/2023,c99ae3b4cfbd,5,21.9,109.5,1
80,04/08/2023,13d4259b0f09,3.921,289.9,1136.69,1
81,04/08/2023,95ce7fd9e510,1,79.9,79.9,1
82,04/08/2023,6402808de4c8,3,229.9,689.7,1
83,04/08/2023,a7962abafdf5,1,179.9,179.9,1
84,04/08/2023,b98a6c55bfe8,3.364,606.48,2040.21,1
85,04/08/2023,df25901e07ef,2,69.9,139.8,1
86,04/08/2023,72fe892ee8a1,6,69.68,418.07,1
87,04/08/2023,8ab850c0c739,24,62.86,1508.68,1
88,04/08/2023,2e2ce1e8958d,3,147,441,1
89,04/08/2023,2d1a3f2a82f6,2,100.9,201.8,1
90,04/08/2023,de63a6a1101d,2,69.9,139.8,1
91,04/08/2023,f43bd6120082,1,1350,1350,1
92,04/08/2023,d50d1fff8f3a,2,79.9,159.8,1
93,04/08/2023,7228a34dc028,1,126,126,1
94,04/08/2023,ab7e16e1fffb,1.978,1099.9,2175.61,1
95,04/08/2023,e269631dcb39,13,15.96,207.44,1
96,04/08/2023,ff88c2914cd0,13,79.9,1038.7,1
97,04/08/2023,b22bd41ce0bb,3,791.7,2375.1,1
98,04/08/2023,f1c124cf6cca,28,49.8,1394.42,1
99,04/08/2023,56e8140a6950,9,236.21,2125.89,1
100,04/08/2023,4b797bb271c0,1,599.9,599.9,1
101,04/08/2023,24c28729ee7c,1,249.9,249.9,1
102,04/08/2023,f20ab5dd218b,1.172,179.9,210.84,1
103,04/08/2023,a1a85a5a80ac,8,177,1416,1
104,04/08/2023,17004ddc7507,19,79.54,1511.21,1
105,04/08/2023,4acb3be11f0b,2,89.9,179.8,1
106,04/08/2023,79fdc441b59f,82,128.9,10569.52,1
107,04/08/2023,d7202fe81b76,6,44.9,269.4,1
108,04/08/2023,ec50f809fb60,3,229.9,689.7,1
109,04/08/2023,8d4d1754879b,2,139.9,279.8,1
110,04/08/2023,c2149157e294,20,69.86,1397.2,1
111,04/08/2023,65a99c721e97,4,149.9,599.6,1
112,04/08/2023,73833f642178,3,75,225,1
113,04/08/2023,f960d18e4b25,0.122,1089.02,132.86,1
114,04/08/2023,2e003d720213,1,269.9,269.9,1
115,04/08/2023,7c9ad6fd5146,2,59.9,119.8,1
116,04/08/2023,5fed687c2f00,1,129.9,129.9,1
117,04/08/2023,6de77fcaf58e,1,289.9,289.9,1
118,04/08/2023,367eced6a801,2,117,234,1
119,04/08/2023,573f2aa3f8e5,1,299.9,299.9,1
120,04/08/2023,14a302c21443,3,59.9,179.7,1
121,04/08/2023,666bc0539565,3,320,960,1
122,04/08/2023,b30a1abb0290,3,129.9,389.7,1
123,04/08/2023,59841717c63a,12,79.88,958.51,1
124,04/08/2023,0c52e8897e4e,3,49.9,149.7,1
125,04/08/2023,f60f366f347f,1,169.9,169.9,1
126,04/08/2023,5367996418d1,6,159.46,956.76,1
127,04/08/2023,8cf071613f3d,9,34.9,314.1,1
128,04/08/2023,67a5b2835977,1,527.92,527.92,1
129,04/08/2023,e852bb0cd67b,4,42.9,171.6,1
130,04/08/2023,7f8b47ebc550,1,62.9,62.9,1
131,04/08/2023,99de310cad9c,1,120,120,1
132,04/08/2023,eac4249745b6,3,20.9,62.7,1
133,04/08/2023,450a827d9536,1,69,69,1
134,04/08/2023,285528661eb5,3,277.59,832.78,1
135,04/08/2023,4755d8f845d3,1,699.9,699.9,1
136,04/08/2023,7d9708e79804,1,109.9,109.9,1
137,04/08/2023,c51e4ec506c9,7,79.9,559.3,1
138,04/08/2023,2bf6bca062e8,16,57.51,920.19,1
139,04/08/2023,d55634bd1f8b,2,150,300,1
140,04/08/2023,7dba658d647c,2,459.43,918.85,1
141,04/08/2023,6b6be59f021e,1,249.49,249.49,1
142,04/08/2023,2af56e345f6e,0.928,549,509.47,1
143,04/08/2023,79cc1d90123b,1,159.9,159.9,1
144,04/08/2023,7a4849f1c52e,2,349.9,699.8,1
145,04/08/2023,cead7736aa20,2,309.9,619.8,1
146,04/08/2023,370ac3975bac,5,35.66,178.3,1
147,04/08/2023,79c8034b06f9,4,160,640,1
148,04/08/2023,24249edd5ed0,1,56.9,56.9,1
149,04/08/2023,47852a051a82,6,89.75,538.5,1
150,04/08/2023,5b7215a367d1,20,32.9,658,1
151,04/08/2023,084e6e43d803,0.92,1799.9,1655.91,1
152,04/08/2023,ddd8c54ed70c,3,18.9,56.7,1
153,04/08/2023,e73753167a73,17,99.87,1697.73,1
154,04/08/2023,43ceb0d6f091,1,79.9,79.9,1
155,04/08/2023,3f8284f7debd,1,99.9,99.9,1
156,04/08/2023,a1f58a628e88,1,790,790,1
157,04/08/2023,96060294c43e,3,72.72,218.17,1
158,04/08/2023,55ec2011b5ee,3,69.9,209.7,1
159,04/08/2023,dbedc65be2f4,8,399,3192,1
160,04/08/2023,7c77e4d68d15,6,103.78,622.66,1
161,04/08/2023,e31147a790d2,2,89.9,179.8,1
162,04/08/2023,4da5748667ae,1,194,194,1
163,04/08/2023,42078afc7b09,8,28.86,230.9,1
164,04/08/2023,f271054fd2a1,1.282,368.95,472.99,1
165,04/08/2023,4e7f2ad04a30,1,1199.9,1199.9,1
166,04/08/2023,c9b719e13071,1,349.9,349.9,1
167,04/08/2023,14849c8f909c,1,205,205,1
168,04/08/2023,a8564f5aa125,5,37.9,189.5,1
169,04/08/2023,cda9a3e5445b,0.832,329.89,274.47,1
170,04/08/2023,211171fd6b9b,1,251.01,251.01,1
171,04/08/2023,5e707e071f92,1,79.9,79.9,1
172,04/08/2023,597bf5eb8f09,12,466.72,5600.6,1
173,04/08/2023,6e778b7819d5,4,69.9,279.6,1
174,04/08/2023,e616c715ad80,1,109.9,109.9,1
175,04/08/2023,30204f754c9f,2,45.9,91.8,1
176,04/08/2023,20bf7b042147,70.147,67.74,4751.92,1
177,04/08/2023,2ce219d50792,5,49.78,248.88,1
178,04/08/2023,e86b0d78c7da,3,139.9,419.7,1
179,04/08/2023,ba60ef413323,24,19.86,476.63,1
180,04/08/2023,59191a8f20cf,1.866,649.9,1212.72,1
181,04/08/2023,0f4c03590e3a,3,9.9,29.7,1
182,04/08/2023,d6c3d606b575,0.208,448.99,93.39,1
183,04/08/2023,54b699c0b970,1,106.9,106.9,1
184,04/08/2023,a7f920b4ed86,7,79,553,1
185,04/08/2023,f2729ed08cbe,1,49.9,49.9,1
186,04/08/2023,5487e481e36e,1,441,441,1
187,04/08/2023,0b055e274bf5,1,109.9,109.9,1
188,04/08/2023,8890ac4b5861,1,179.9,179.9,1
189,04/08/2023,7503e13c34b5,2,79.9,159.8,1
190,04/08/2023,446abd94bd45,5.02,393.18,1973.76,1
191,04/08/2023,3f02ac15c9fb,9,107.87,970.82,1
192,04/08/2023,3ed3471e5e3d,3,139.9,419.7,1
193,04/08/2023,86e88782e693,2,299.9,599.8,1
194,04/08/2023,87ed7af9900b,12,54.9,658.8,1
195,04/08/2023,e23e9bb75589,3,166.27,498.81,1
196,04/08/2023,9e5ce6d73080,3,399.9,1199.7,1
197,04/08/2023,9463b6777824,1,33.9,33.9,1
198,04/08/2023,bba6f7ee0b65,61,9.9,603.78,1
199,04/08/2023,e888a8d8a43c,0.28,560.89,157.05,1
200,04/08/2023,3f70e6b09438,1,103,103,1
201,04/08/2023,df4dd163d2e8,1,79.9,79.9,1
202,04/08/2023,fd2bf120ecea,1,49.9,49.9,1
203,04/08/2023,2bf8e88dbbd9,1,99.57,99.57,1
204,04/08/2023,9f5b9401d83d,3,209.9,629.7,1
205,04/08/2023,7149611b352c,1,79.9,79.9,1
206,04/08/2023,0cc727fd3195,12,25.9,310.8,1
207,04/08/2023,7c39216e2f57,8,36.89,295.14,1
208,04/08/2023,d5e20e694a7b,22,44.9,987.8,1
209,04/08/2023,47c2cd2da8c9,1,319.9,319.9,1
210,04/08/2023,53ddb3673548,2,119.9,239.8,1
211,04/08/2023,1d92c3f04a69,2,59.9,119.8,1
212,04/08/2023,8c00583b7d91,0.406,628.99,255.37,1
213,04/08/2023,e6579c993ebc,5.692,375.62,2138.01,1
214,04/08/2023,82bd50826e94,4,63.9,255.6,1
215,04/08/2023,b30e7bbda3b5,1,718.5,718.5,1
216,04/08/2023,9dfe7718f44e,5,94.38,471.9,1
217,04/08/2023,93063e0938bc,1,183,183,1
218,04/08/2023,a2c9734be732,57.362,179.18,10277.93,1
219,04/08/2023,338ad3c75e45,6,119.63,717.75,1
220,04/08/2023,215b8b1d4335,1,60,60,1
221,04/08/2023,ced80b19e2fb,0.762,458.99,349.75,1
222,04/08/2023,02edc05ec984,0.518,699.88,362.54,1
223,04/08/2023,55396813af5f,2,109.9,219.8,1
224,04/08/2023,9395fe696047,1,129.9,129.9,1
225,04/08/2023,beab7d23e1dc,0.644,499.01,321.36,1
226,04/08/2023,f8706f548680,1,139.9,139.9,1
227,04/08/2023,9c520b9f4a43,10,49.9,499,1
228,04/08/2023,c76cc4647d99,2,83.9,167.8,1
229,04/08/2023,6c438652e521,1,449.9,449.9,1
230,04/08/2023,940346674a82,1,49.9,49.9,1
231,04/08/2023,3e345856ba35,8,49.78,398.22,1
232,04/08/2023,3ea923ec5cdc,1,449.9,449.9,1
233,04/08/2023,a4577d85d50b,1,37.9,37.9,1
234,04/08/2023,99ad3b99c3ed,7,110.9,776.3,1
235,04/08/2023,bccf8b76ca42,4,67.4,269.6,1
236,04/08/2023,6cd2fd6b37d2,3,52.56,157.67,1
237,04/08/2023,a1c1cebf7806,1,45.9,45.9,1
238,04/08/2023,483041908ad6,11,78.58,864.39,1
239,04/08/2023,4dcde3b3832e,1,109,109,1
240,04/08/2023,65e0be00e686,1,115.9,115.9,1
241,04/08/2023,5be576040e31,1,68.91,68.91,1
242,04/08/2023,4193fc7ec6db,12.335,751.96,9275.46,1
243,04/08/2023,a201b762aaaf,51,39.81,2030.38,1
244,04/08/2023,c2b4e00c51f2,6,54.9,329.4,1
245,04/08/2023,b8f14a76eb21,53,98.57,5224.16,1
246,04/08/2023,7b2dfcdbfe07,1,212,212,1
247,04/08/2023,c911223fa1c6,2,549.9,1099.8,1
248,04/08/2023,2d4fa2c9c671,4,319.9,1279.6,1
249,04/08/2023,41c744d821a1,8,279.86,2238.86,1
250,04/08/2023,f4da151d1755,1,59.9,59.9,1
251,04/08/2023,687c4f0465e4,1.185,459.01,543.93,1
252,04/08/2023,f044b93e5e51,2,189,378,1
253,04/08/2023,ad57952b7b26,1,59.9,59.9,1
254,04/08/2023,f07bf65b250c,6,139.46,836.73,1
255,04/08/2023,74b2431d8f53,2.022,649.9,1314.1,1
256,04/08/2023,bd48d93dbba9,2,99.9,199.8,1
257,04/08/2023,10d848b68c87,2,93.73,187.45,1
258,04/08/2023,fdab92fd6ec4,7.282,566.48,4125.11,1
259,04/08/2023,db761b68c9d8,1,69.9,69.9,1
260,04/08/2023,59103e4b40f4,1,125.9,125.9,1
261,04/08/2023,1acf3f6e03a3,1,219.9,219.9,1
262,04/08/2023,ebf4ea650616,6,47,282,1
263,04/08/2023,0cc9e31ff2d9,7.8,239.9,1871.22,1
264,04/08/2023,5dea681a9924,2,149,298,1
265,04/08/2023,e667a886808f,2,729.9,1459.8,1
266,04/08/2023,9e60be63d44c,0.386,399.9,154.36,1
267,04/08/2023,8f857778db57,12,49.9,598.8,1
268,04/08/2023,1458c973da2f,1,231.41,231.41,1
269,04/08/2023,a8ae9d14e1b6,2.544,869,2210.74,1
270,04/08/2023,11acc247e66a,1,319.9,319.9,1
271,04/08/2023,058d14cc6032,5,69,345,1
272,04/08/2023,f726d2234aa8,7,54.9,384.3,1
273,04/08/2023,4849cb059ba3,9,432.98,3896.83,1
274,04/08/2023,2551cbe4475a,5,11.72,58.6,1
275,04/08/2023,8759855b9340,6.382,633.43,4042.52,1
276,04/08/2023,d487df2a87ee,10,129.58,1295.79,1
277,04/08/2023,d316282f7c78,2,53.9,107.8,1
278,04/08/2023,26130d3b955c,1,41.9,41.9,1
279,04/08/2023,cc90b6cd2929,2,109.9,219.8,1
280,04/08/2023,77850d7186b5,9,59.58,536.2,1
281,04/08/2023,2387310bafc7,1,199.8,199.8,1
282,04/08/2023,0d386fb42d32,3,319,957,1
283,04/08/2023,a59a841daf28,4,199.9,799.6,1
284,04/08/2023,401eb8d03f1a,1,89.9,89.9,1
285,04/08/2023,8a52d2bfcbc1,9,99.77,897.96,1
286,04/08/2023,20230e5899c3,4,74.9,299.6,1
287,04/08/2023,644767ba08c9,1,89.9,89.9,1
288,04/08/2023,a15caba06a0a,2,122.47,244.93,1
289,04/08/2023,5e71da0b099f,1,36.9,36.9,1
290,04/08/2023,adbe89764f7f,5,419.77,2098.85,1
291,04/08/2023,9fd7dbfc626d,0.556,598.99,333.04,1
292,04/08/2023,a8871e93ded9,4,107.58,430.3,1
293,04/08/2023,b2b40c28d8cd,2,299.9,599.8,1
294,04/08/2023,3d518c1f0aec,2,110,220,1
295,04/08/2023,be591d86b3ad,8,44.32,354.53,1
296,04/08/2023,ab7c342ea696,9,129.6,1166.39,1
297,04/08/2023,140601f6e20d,3,148.18,444.55,1
298,04/08/2023,3ddd97fd2212,8,82.89,663.11,1
299,04/08/2023,935302893a8f,5,1450,7250,1
300,04/08/2023,7a19d9487f00,7,147.02,1029.16,1
301,04/08/2023,91c32a0986a1,3,219.9,659.7,1
302,04/08/2023,dd94e2bc5601,20,138.03,2760.63,1
303,04/08/2023,e9be18f7b7d0,7,50.9,356.3,1
304,04/08/2023,16b3978a5fd2,4,99.2,396.81,1
305,04/08/2023,78f56d81c9b1,51,105.62,5386.37,1
306,04/08/2023,eba14c4a124d,1,335.9,335.9,1
307,04/08/2023,bc4e18198585,4,79.9,319.6,1
308,04/08/2023,7b5570184b98,0.58,239.9,139.14,1
309,04/08/2023,19d65a23a43e,2,15.5,30.99,1
310,04/08/2023,945e7d15ad10,1,429.9,429.9,1
311,04/08/2023,7f8115a9c4c3,1,436.9,436.9,1
312,04/08/2023,8a94feec9b84,5,109.72,548.6,1
313,04/08/2023,543425aac37b,2,22.9,45.8,1
314,04/08/2023,630cb1d623af,5,69.9,349.5,1
315,04/08/2023,7e8ce790baa1,8,121.88,975.02,1
316,04/08/2023,9d59cee931e4,7,78,546.01,1
317,04/08/2023,2e4367a26bb0,1,2299.9,2299.9,1
318,04/08/2023,716cd171d8e9,4,52.37,209.47,1
319,04/08/2023,7a14751ece01,1,409.9,409.9,1
320,04/08/2023,6d3d64b8db45,2,141,282,1
321,04/08/2023,59773cc757bc,1,169.9,169.9,1
322,04/08/2023,38bf313fecfe,1.916,399.9,766.21,1
323,04/08/2023,fa75be937439,11,359.9,3958.9,1
324,04/08/2023,e7c965603507,1.175,844.86,992.71,1
325,04/08/2023,3d6533be3675,1,48.9,48.9,1
326,04/08/2023,a7c84f19c7cd,2,209.9,419.8,1
327,04/08/2023,def52bfc9d74,4,66,264,1
328,04/08/2023,7b58b169c442,1,159.9,159.9,1
329,04/08/2023,062e8ce69112,1.144,369.9,423.17,1
330,04/08/2023,a7da9fd8ea83,24,67.35,1616.45,1
331,04/08/2023,b84f07d816af,2,89,178,1
332,04/08/2023,e26df5d6527b,3,119.9,359.7,1
333,04/08/2023,db1909a87ceb,9,79.83,718.5,1
334,04/08/2023,4a1cfadea11d,3,69.9,209.7,1
335,04/08/2023,12b1b5bd1e36,11,149.86,1648.44,1
336,04/08/2023,c906a413a038,5,25.01,125.04,1
337,04/08/2023,598d26e4c5d4,1,149.9,149.9,1
338,04/08/2023,f480ea4e9c30,2,44.9,89.8,1
339,04/08/2023,f898a9437993,2,54.9,109.8,1
340,04/08/2023,b821dce4c39e,5,69.9,349.5,1
341,04/08/2023,4108a53e1003,5,155,775,1
342,04/08/2023,74bebff34bca,2,49.5,99,1
343,04/08/2023,9efef141c1f8,0.844,2999,2531.16,1
344,04/08/2023,5db78f2812c6,5,79.83,399.13,1
345,04/08/2023,e9c03d5aeed9,27,98.53,2660.37,1
346,04/08/2023,4dacca01369b,12,30.28,363.41,1
347,04/08/2023,f08bd8605c9e,1,720,720,1
348,04/08/2023,a1b8684387bb,5,94.57,472.85,1
349,04/08/2023,8a8b2c76c282,1,174,174,1
350,04/08/2023,77460807acc2,2,209.9,419.8,1
351,04/08/2023,b1093ad12e96,1.352,495.1,669.37,1
352,04/08/2023,1703c51d72cf,1,39.9,39.9,1
353,04/08/2023,5b5634033143,0.265,599.02,158.74,1
354,04/08/2023,383939c956d1,1,79.9,79.9,1
355,04/08/2023,836bf8db7254,4,125.9,503.6,1
356,04/08/2023,ebd2469bb1da,0.396,459.9,182.12,1
357,04/08/2023,458ce6148ce4,1,219.9,219.9,1
358,04/08/2023,29a66e626d9d,1,259.9,259.9,1
359,04/08/2023,6138709790a5,5,349.9,1749.5,1
360,04/08/2023,11ce51435b1e,1,383,383,1
361,04/08/2023,ad6427ee5b69,3,124.6,373.79,1
362,04/08/2023,002f51c34a7a,6,79.9,479.4,1
363,04/08/2023,6662ef8ec5cd,2,73.9,147.8,1
364,04/08/2023,2e6ab27e22ab,12.396,159.84,1981.36,1
365,04/08/2023,bde50ac94d41,2,95,190,1
366,04/08/2023,3e1f8d799d29,5.022,459.9,2309.61,1
367,04/08/2023,9255e8ec0f15,1,49.9,49.9,1
368,04/08/2023,5792fe06b4eb,2.966,369.84,1096.94,1
369,04/08/2023,7aa215a60c36,3,138.23,414.7,1
370,04/08/2023,ae6a88fa8d71,93.121,228.63,21289.94,1
371,04/08/2023,150c62dfa612,1,269.9,269.9,1
372,04/08/2023,e3f4fbe67388,2,140,280,1
373,04/08/2023,a2c3052e27c3,3,89.9,269.7,1
374,04/08/2023,441f1957fd21,8,89.9,719.2,1
375,04/08/2023,3b4418190c20,11,213,2343,1
376,04/08/2023,1988d019b431,16,15.4,246.44,1
377,04/08/2023,0fb8cfe55604,5,194.9,974.5,1
378,04/08/2023,ee9b30590a29,6,25.9,155.4,1
379,04/08/2023,08f5e29bdcb3,1,45.9,45.9,1
380,04/08/2023,5fbb2590c8b6,2,129.9,259.8,1
381,04/08/2023,58be3caf1c38,1,119.9,119.9,1
382,04/08/2023,e5959358c327,1,119.8,119.8,1
383,04/08/2023,66bcafe36b27,1.208,1749.91,2113.89,1
384,04/08/2023,a725079c3dc1,3,399.9,1199.7,1
385,04/08/2023,303d4032e8b6,1,69.9,69.9,1
386,04/08/2023,9597431eb880,3,139.9,419.7,1
387,04/08/2023,c51ab785c175,1,999.9,999.9,1
388,04/08/2023,7fe381bb7035,1,79.9,79.9,1
389,04/08/2023,4dda944dca92,0.546,719.91,393.07,1
390,04/08/2023,345cd541986b,6,179,1074,1
391,04/08/2023,387add82a73e,1,64.9,64.9,1
392,04/08/2023,c0610f7b2a1d,7,29.9,209.3,1
393,04/08/2023,2e6d211ae61a,1,62.9,62.9,1
394,04/08/2023,bee6dce79187,0.618,749,462.88,1
395,04/08/2023,811add884a1a,1,149.9,149.9,1
396,04/08/2023,c54373d9066d,10,169.81,1698.08,1
397,04/08/2023,d873ddb7e6c6,13,48.57,631.35,1
398,04/08/2023,48b316185429,2,37.9,75.8,1
399,04/08/2023,9518f1c4c1db,1,54.9,54.9,1
400,04/08/2023,099b01d8b1a8,20,149.9,2998,1
401,04/08/2023,cb00e7ea3438,22,52.49,1154.82,1
402,04/08/2023,34d10196dd0a,3,69.9,209.7,1
403,04/08/2023,624577e2b555,1,55,55,1
404,04/08/2023,759ffe3cb22c,6,76.9,461.4,1
405,04/08/2023,5f00a5c55f8f,5,189.9,949.5,1
406,04/08/2023,737b797523fb,3,279.9,839.7,1
407,04/08/2023,062697b97fa3,0.504,699.9,352.75,1
408,04/08/2023,8f234f75cfdf,1,34.9,34.9,1
409,04/08/2023,0785c673fee1,1,199.9,199.9,1
410,04/08/2023,0167fc0b7d9f,1,449.6,449.6,1
411,04/08/2023,c205adadd4b1,2,27.92,55.83,1
412,04/08/2023,6aecf08bcd8c,10,31.82,318.15,1
413,04/08/2023,b1e5e43cf1d5,1,109.9,109.9,1
414,04/08/2023,3620da0d7597,1,159.9,159.9,1
415,04/08/2023,23bc1d9af9e7,1,64.9,64.9,1
416,04/08/2023,d68265ff2ef9,0.204,1199.02,244.6,1
417,04/08/2023,b05c7bf837da,1,119.9,119.9,1
418,04/08/2023,9d78925e324d,4,102.96,411.82,1
419,04/08/2023,039823e72e87,4,199.9,799.6,1
420,04/08/2023,b25e6539cc07,3,229.9,689.7,1
421,04/08/2023,3ace8ce00a5b,1,249.9,249.9,1
422,04/08/2023,92b3265a790c,8,14.9,119.2,1
423,04/08/2023,6b5d639508b1,2,139.9,279.8,1
424,04/08/2023,188bac9afa3b,2,35.9,71.8,1
425,04/08/2023,8774bd2f401d,1,229.9,229.9,1
426,04/08/2023,ef5c77d4ad2f,1,82.9,82.9,1
427,04/08/2023,03718592638c,9,169.19,1522.7,1
428,04/08/2023,69ee50b02ee7,1,213,213,1
429,04/08/2023,1aab07a2a659,7,99.9,699.3,1
430,04/08/2023,45d4a4048081,7,57.01,399.09,1
431,04/08/2023,92d9fd26b273,3,106,318,1
432,04/08/2023,9d0c9dafc7bb,4,99,396,1
433,04/08/2023,8edf3674a72f,4,179.9,719.6,1
434,04/08/2023,4586b9f99126,4,50.43,201.7,1
435,04/08/2023,9c52793539b6,1,25.9,25.9,1
436,04/08/2023,7852ff610151,1,39.9,39.9,1
437,04/08/2023,7c896353dc52,6,47.93,287.6,1
438,04/08/2023,15c1967eba7d,1,79.9,79.9,1
439,04/08/2023,e87d8f2511d9,4,141.37,565.46,1
440,04/08/2023,7ba8dba2f158,1,79.9,79.9,1
441,04/08/2023,af80dcbf47d2,2,109.9,219.8,1
442,04/08/2023,ad19922d8e8f,1,199.9,199.9,1
443,04/08/2023,cce030dab62e,1,99.9,99.9,1
444,04/08/2023,f2e07def5c0f,1,130,130,1
445,04/08/2023,2b4ed1e812ef,4,295.18,1180.7,1
446,04/08/2023,3378eb23b704,1,119.9,119.9,1
447,04/08/2023,dfe0a31091f7,1,449.9,449.9,1
448,04/08/2023,14142c3be2e4,4,179.9,719.6,1
449,04/08/2023,99bf8ca77e14,1,74,74,1
450,04/08/2023,2380a7f6039e,4,99.88,399.5,1
451,04/08/2023,82223a8d405f,1,416.9,416.9,1
452,04/08/2023,11ec87d50c56,1,123.9,123.9,1
453,04/08/2023,941758c12832,1,1500,1500,1
454,04/08/2023,990182d8f3da,1,144,144,1
455,04/08/2023,d5f7a39f6491,11,49.9,548.9,1
456,04/08/2023,ef610fd0608b,2,99.9,199.8,1
457,04/08/2023,6dabe25f8d9f,4,39.9,159.6,1
458,04/08/2023,a3e53c4bddb1,4,25.9,103.6,1
459,04/08/2023,779a6c476c59,3,24.65,73.95,1
460,04/08/2023,e6001574ce29,1.318,751.34,990.27,1
461,04/08/2023,5c0242f5c553,71,59.08,4194.74,1
462,04/08/2023,3653d6a28f0c,7,12.88,90.16,1
463,04/08/2023,7c5a7b16f92e,1,59.9,59.9,1
464,04/08/2023,52dc08f6d6e3,10,88.83,888.29,1
465,04/08/2023,9f4ca69b0075,12,145,1740,1
466,04/08/2023,2a6ea1c17893,2,27.9,55.8,1
467,04/08/2023,69378e913d39,1,69.9,69.9,1
468,04/08/2023,2445c6ba805d,1,239.9,239.9,1
469,04/08/2023,d0b043b2fc9f,0.742,399.47,296.41,1
470,04/08/2023,327ac8fdf7b6,3,57.9,173.7,1
471,04/08/2023,6f775974ce0a,1,209.9,209.9,1
472,04/08/2023,53fa69e30816,3,119.75,359.26,1
473,04/08/2023,c07f3eeb7002,6,74.9,449.4,1
474,04/08/2023,6088b796b627,1,139.9,139.9,1
475,04/08/2023,0300b95cec9d,2,159.9,319.8,1
476,04/08/2023,53c123c34a8b,7,119.9,839.3,1
477,04/08/2023,3d0f28c6e6d6,1,88,88,1
478,04/08/2023,b773b08453ee,1,159.9,159.9,1
479,04/08/2023,e3194de77bed,2,1789.68,3579.35,1
480,04/08/2023,d2a3ac50ad87,6,74.9,449.4,1
481,04/08/2023,7c4fd59917e9,11,548.92,6038.08,1
482,04/08/2023,12fa2a3a09a6,33,29.59,976.42,1
483,04/08/2023,63b70d15b716,1,149.9,149.9,1
484,04/08/2023,f4eda90fa45c,11,299.9,3298.9,1
485,04/08/2023,67fb932c6eac,3,59.9,179.7,1
486,04/08/2023,09f5999c99c1,7,160,1120,1
487,04/08/2023,978b55be604e,3,129.9,389.7,1
488,04/08/2023,ef24ba162f8a,1,99.9,99.9,1
489,04/08/2023,cf4b991a1b17,2,127.9,255.8,1
490,04/08/2023,fd2978388bac,5,53.6,267.99,1
491,04/08/2023,36e6ca6d048f,2,109.9,219.8,1
492,04/08/2023,589c20a5107c,1,49.9,49.9,1
493,04/08/2023,56357b552579,1,99.9,99.9,1
494,04/08/2023,60d599c30828,2,89.9,179.8,1
495,04/08/2023,aa8b8cb6c658,4,69.9,279.6,1
496,04/08/2023,5a5c32407744,3,99.9,299.7,1
497,04/08/2023,0bf1baddcf34,65,19.74,1283.42,1
498,04/08/2023,96d233e99b62,2.95,589.9,1740.21,1
499,04/08/2023,05fe660448c7,4,54.45,217.8,1
500,04/08/2023,766c12d4e0bf,1,192.9,192.9,1
501,04/08/2023,7ff486487cdd,2,50,100,1
502,04/08/2023,69a3bd4a552c,5,104.84,524.18,1
503,04/08/2023,8ba2ae73daba,4,32.9,131.6,1
504,04/08/2023,dd2d9030db0d,4,59.48,237.93,1
505,04/08/2023,c282f628be86,9,99.67,897.01,1
506,04/08/2023,a4785ffbd5ac,2,33.6,67.19,1
507,04/08/2023,4efa0dd67782,1,74,74,1
508,04/08/2023,b17b27349d7a,0.116,1098.97,127.48,1
509,04/08/2023,53036765a440,1,50.48,50.48,1
510,04/08/2023,aff65297051a,3,99.9,299.7,1
511,04/08/2023,dad2d9867ac8,1,169.9,169.9,1
512,04/08/2023,d3858db7de5d,1,79.9,79.9,1
513,04/08/2023,865a5f2dbf2e,140,59.08,8271.78,1
514,04/08/2023,de3006f9b608,1,179.9,179.9,1
515,04/08/2023,ec7136665fbf,2,149.45,298.9,1
516,04/08/2023,2bcee41bfac8,31,34.88,1081.4,1
517,04/08/2023,3fda23a187dd,2.772,99.9,276.91,1
518,04/08/2023,3b96651edec6,2,69,138,1
519,04/08/2023,fbc35fe0e09d,3,699.9,2099.7,1
520,04/08/2023,ec81750d565a,2,41.9,83.8,1
521,04/08/2023,ace595f4b268,3,77.93,233.8,1
522,04/08/2023,815acfe2856e,4,199.9,799.6,1
523,04/08/2023,2970ca1463ff,2.5,499,1247.5,1
524,04/08/2023,cffc105d4b68,1,272.9,272.9,1
525,04/08/2023,c4bf3dd42c4d,2,167.53,335.05,1
526,04/08/2023,bf2f730f9a9f,1,119.22,119.22,1
527,04/08/2023,ff8e822f1041,12.29,69.9,859.08,1
528,04/08/2023,1e999ee4bc41,1,79.9,79.9,1
529,04/08/2023,cfdf1a4744c0,1,99.9,99.9,1
530,04/08/2023,d1b115bc335c,2,100.94,201.88,1
531,04/08/2023,ff2bd46579d6,12,58.76,705.13,1
532,04/08/2023,1b66559875e1,4,147.71,590.84,1
533,04/08/2023,13c6ef6596d9,12,329.9,3958.81,1
534,04/08/2023,d8078419326d,1,119.9,119.9,1
535,04/08/2023,3bfc1a983809,1,99.9,99.9,1
536,04/08/2023,2f0ab968441f,1,79,79,1
537,04/08/2023,134fb35cd563,5,37.9,189.5,1
538,04/08/2023,5da40a2dec7f,1,1769.9,1769.9,1
539,04/08/2023,fa04acd64005,2,89.9,179.8,1
540,04/08/2023,22e7f9234a26,2,349.9,699.8,1
541,04/08/2023,6f460b220975,8,59.83,478.6,1
542,04/08/2023,d785fa404171,1,79.9,79.9,1
543,04/08/2023,2472c6e0775d,2,38.9,77.8,1
544,04/08/2023,060534551cba,57,33.9,1932.3,1
545,04/08/2023,0297f8f65b3c,2,49.84,99.67,1
546,04/08/2023,c8639dc58cca,2,79,158,1
547,04/08/2023,545adeacab59,1,109.9,109.9,1
548,04/08/2023,e99f16f558ed,4,140,560,1
549,04/08/2023,6a2252385c59,2,34.9,69.8,1
550,04/08/2023,57f6f314c80c,2,149.9,299.8,1
551,04/08/2023,e3c7fb6549f8,3,89.9,269.7,1
552,04/08/2023,d41e2280ebfd,1,38.77,38.77,1
553,04/08/2023,945691b22dc4,10,54.29,542.92,1
554,04/08/2023,b4cdaf6cc2d0,7,37.9,265.3,1
555,04/08/2023,f0bd2230ace7,1,109.9,109.9,1
556,04/08/2023,f045f626c390,0.782,669,523.16,1
557,04/08/2023,aeb62b82a1fc,5,79.9,399.5,1
558,04/08/2023,515d729c55d0,3,120.7,362.1,1
559,04/08/2023,10e88288f0dc,1,204.9,204.9,1
560,04/08/2023,7af4528ef282,6,9.07,54.42,1
561,04/08/2023,af21c2ef1244,2,109.9,219.8,1
562,04/08/2023,f6304307ab65,2,110.9,221.8,1
563,04/08/2023,9be8d5cfea6b,1,49.9,49.9,1
564,04/08/2023,89264c1d60a4,1.226,249.9,306.38,1
565,04/08/2023,1b1a73a5bf0c,1,293,293,1
566,04/08/2023,9cbd3e75c39c,19,126.38,2401.15,1
567,04/08/2023,a19ccd74db0f,3,59.9,179.7,1
568,04/08/2023,7d21c2274831,0.086,998.95,85.91,1
569,04/08/2023,8df4fba6d441,17.732,89.82,1592.75,1
570,04/08/2023,14e190fb4e06,1,114.9,114.9,1
571,04/08/2023,14bc1a141e95,24,39.57,949.62,1
572,04/08/2023,ee7fdca638d1,5,47.9,239.5,1
573,04/08/2023,79fe699115cf,5.142,573.59,2949.38,1
574,04/08/2023,71104b1b1170,4,65.99,263.94,1
575,04/08/2023,6b9ed41cf366,2,299.9,599.8,1
576,04/08/2023,19bcee388600,6.038,399.87,2414.41,1
577,04/08/2023,9012af3202c5,1,145,145,1
578,04/08/2023,fbceb9eff755,9,22.9,206.1,1
579,04/08/2023,1ae89395d5fb,2,89.9,179.8,1
580,04/08/2023,825985dba38b,8.566,499.75,4280.89,1
581,04/08/2023,524f33127e7a,1,33.9,33.9,1
582,04/08/2023,2129b7228680,7,149,1043,1
583,04/08/2023,2e88a8c458b7,2,69.9,139.8,1
584,04/08/2023,3c9eaf4966a5,1,179.9,179.9,1
585,04/08/2023,cfd862d53d4e,0.832,241.09,200.59,1
586,04/08/2023,4e1ecf1e2b26,14,159.3,2230.14,1
587,04/08/2023,d60ce4e4a4ad,0.232,1699.91,394.38,1
588,04/08/2023,629c8c68e300,1,85,85,1
589,04/08/2023,81086b0ec00e,3,59.5,178.5,1
590,04/08/2023,7106d83524a4,3,139.9,419.7,1
591,04/08/2023,d9e36d592f5a,0.982,149.9,147.2,1
592,04/08/2023,5196747a75a4,1,119.9,119.9,1
593,04/08/2023,12b1d15db41d,1,281,281,1
594,04/08/2023,d176f205a2f4,1,229,229,1
595,04/08/2023,414acb25dd83,1,149.9,149.9,1
596,04/08/2023,44dbeba70827,11.482,128.27,1472.8,1
597,04/08/2023,f42ab260c307,17.317,293.89,5089.21,1
598,04/08/2023,7d94abeab65c,8,32.57,260.52,1
599,04/08/2023,09f44d327571,5,64.9,324.5,1
600,04/08/2023,e6638feb6f70,3,79.9,239.7,1
601,04/08/2023,f5a202f52b37,2,45.4,90.8,1
602,04/08/2023,1502db59c07a,2,174.9,349.8,1
603,04/08/2023,ce46e5dbd6c0,13,69.9,908.7,1
604,04/08/2023,ddc8c6ba124b,12,43.9,526.8,1
605,04/08/2023,f15d385d4ae6,1,69.9,69.9,1
606,04/08/2023,5ec53682f46d,1.264,379,479.05,1
607,04/08/2023,8a544301b0b5,10,1212.5,12125,1
608,04/08/2023,b4c9b7676188,1,441,441,1
609,04/08/2023,d2d3534d64ee,1,42.9,42.9,1
610,04/08/2023,53f46429c9be,13,54.9,713.7,1
611,04/08/2023,64dee0b70402,5,119.71,598.57,1
612,04/08/2023,ef6c6fc6b982,1,159.9,159.9,1
613,04/08/2023,4509dbb9b489,1,469.9,469.9,1
614,04/08/2023,0e3651d759be,8,54.9,439.2,1
615,04/08/2023,32d5d64e9b89,2,39.9,79.8,1
616,04/08/2023,6a79b34e5dd5,6,188.94,1133.66,1
617,04/08/2023,76d2cd9b3c0d,1,116,116,1
618,04/08/2023,e9d59ba0f9cb,15,59.75,896.19,1
619,04/08/2023,aaf59c018712,4,57.72,230.88,1
620,04/08/2023,d6fdfea77110,6,36.17,217.02,1
621,04/08/2023,afc93f51b195,4,89.9,359.6,1
622,04/08/2023,47b43b967d62,17,39.9,678.3,1
623,04/08/2023,08cb92339ebb,0.162,1999.88,323.98,1
624,04/08/2023,d09a11005fa3,0.597,699.9,417.84,1
625,04/08/2023,b382bdd25415,1,89.9,89.9,1
626,04/08/2023,de733eaf655c,56,119.38,6685.2,1
627,04/08/2023,73c86afffab3,4,139.9,559.6,1
628,04/08/2023,e0f99b7f3c3f,1,499.9,499.9,1
629,04/08/2023,432c160c926d,277.424,119.16,33057.84,1
630,04/08/2023,36943b37c9f9,5,319.9,1599.5,1
631,04/08/2023,66b66e1df3e0,1,399.9,399.9,1
632,04/08/2023,b178700122d3,21.487,229.9,4939.87,1
633,04/08/2023,ec30f9d70734,2,54.9,109.8,1
634,04/08/2023,b7f0de71732e,2,139.9,279.8,1
635,04/08/2023,8c270c4efbfe,5,209.9,1049.5,1
636,04/08/2023,46bf72bc1179,5,158,790,1
637,04/08/2023,9dc8e6c6b5b5,3,139.53,418.6,1
638,04/08/2023,3a6203811a16,1,79.9,79.9,1
639,04/08/2023,bb417b338b12,2,41.73,83.46,1
640,04/08/2023,6cf7fb7b929b,2,169.9,339.8,1
641,04/08/2023,e41760c06ce7,29,78.72,2282.76,1
642,04/08/2023,93fd3ced9d80,5,149.9,749.5,1
643,04/08/2023,3f38e86d7ee9,1,124.9,124.9,1
644,04/08/2023,8702ed14266c,2.732,879.89,2403.87,1
645,04/08/2023,5f82ca26f59c,1,649.9,649.9,1
646,04/08/2023,198b99f046a9,0.358,499.89,178.96,1
647,04/08/2023,08c5fb58831e,1,1299.9,1299.9,1
648,04/08/2023,a49af4d082a9,1,579.9,579.9,1
649,04/08/2023,35e330cc1954,4,48.9,195.6,1
650,04/08/2023,3661956319d2,2,159.9,319.8,1
651,04/08/2023,955b6682cf46,2,239.9,479.8,1
652,04/08/2023,d2092ff65fda,1,136,136,1
653,04/08/2023,43e633c3faf3,1,139.9,139.9,1
654,04/08/2023,e08ca5bc7ebd,1,69.9,69.9,1
655,04/08/2023,43c579ce2ecd,2,169.9,339.8,1
656,04/08/2023,3c8f081cbde7,1,44.9,44.9,1
657,04/08/2023,419f29a0d38c,4,59.9,239.6,1
658,04/08/2023,ee15d56e2688,3,29.63,88.9,1
659,04/08/2023,8f491aba8f68,1,69.9,69.9,1
660,04/08/2023,c837799bf9bc,2,319,638,1
661,04/08/2023,d79f4bdb3bde,1,199.9,199.9,1
662,04/08/2023,4fc6ad07fc3f,1,199.9,199.9,1
663,04/08/2023,cc7277e38ef8,3,24.9,74.7,1
664,04/08/2023,5d6ffe4949a7,2,129.9,259.8,1
665,04/08/2023,6073375fecdd,4,49.68,198.7,1
666,04/08/2023,b3b0fbcbfe49,4,73.9,295.6,1
667,04/08/2023,49f201603846,1,62.9,62.9,1
668,04/08/2023,8746d806aee3,3,149.9,449.7,1
669,04/08/2023,9a0be9c37945,1,49.9,49.9,1
670,04/08/2023,b20eb80d20f8,2,599.9,1199.8,1
671,04/08/2023,90e4c35e6830,4,25.9,103.6,1
672,04/08/2023,fb1e9c747c6c,2,62.9,125.8,1
673,04/08/2023,e85e6aab0d15,16,259.12,4145.9,1
674,04/08/2023,61a27226f770,2,69.9,139.8,1
675,04/08/2023,55701a5d29af,20,78.94,1578.89,1
676,04/08/2023,292548b265c9,1,69.9,69.9,1
677,04/08/2023,aca266735e7b,2,129.9,259.8,1
678,04/08/2023,8335023067fc,3,49.9,149.7,1
679,04/08/2023,bc10f0cb89c5,1,599.9,599.9,1
680,04/08/2023,bae6f0a1cdc1,21.88,198.97,4353.55,1
681,04/08/2023,50b65f9e6fb9,2,98.51,197.01,1
682,04/08/2023,c81cdc14467e,2,79.9,159.8,1
683,04/08/2023,18a3d4062bcd,1,159.9,159.9,1
684,04/08/2023,af90c3fdcba1,1,38.9,38.9,1
685,04/08/2023,ac3b090ec2ae,2,69.9,139.8,1
686,04/08/2023,1fd049280b60,3,39.9,119.7,1
687,04/08/2023,f56fb27d38a1,12,69.73,836.8,1
688,04/08/2023,a84cb40a8327,18,96.43,1735.73,1
689,04/08/2023,93ef0f20a237,5,43.02,215.11,1
690,04/08/2023,879079ce619b,5,58.68,293.39,1
691,04/08/2023,d10f92211b7a,2,99.9,199.8,1
692,04/08/2023,50d7d4ce2d8a,1,59.9,59.9,1
693,04/08/2023,032d77bcd9f5,30.894,598.48,18489.54,1
694,04/08/2023,b00136fe74e8,2.407,984.35,2369.34,1
695,04/08/2023,a99bc1ab10f4,12,213,2556,1
696,04/08/2023,193e75cb1057,2,143.11,286.21,1
697,04/08/2023,1b17deb5ce00,1,390,390,1
698,04/08/2023,2883f571c78b,3,109.9,329.7,1
699,04/08/2023,dfe0d6d2cc0c,0.78,1299.9,1013.92,1
700,04/08/2023,207dd2f0902a,3,46.77,140.3,1
701,04/08/2023,eb420ee17a98,0.586,699.9,410.14,1
702,04/08/2023,256634958b56,2,117,234,1
703,04/08/2023,0b3aaacdab26,5,53.5,267.5,1
704,04/08/2023,83b09719f073,4,473.52,1894.08,1
705,04/08/2023,1ac5fd06ba94,7,89,623,1
706,04/08/2023,8aa87c2aee29,1,185.9,185.9,1
707,04/08/2023,431b5642db5b,1,137,137,1
708,04/08/2023,0452bd5e488d,1,81.9,81.9,1
709,04/08/2023,c8665a312620,1,237.35,237.35,1
710,04/08/2023,1040d3459a78,1,85.49,85.49,1
711,04/08/2023,adc4f892a569,3,73,218.99,1
712,04/08/2023,ca8b6775fed6,82.017,109,8939.61,1
713,04/08/2023,9550f0faccc9,2,122,244,1
714,04/08/2023,7aacbcc676d4,3,129.9,389.7,1
715,04/08/2023,7e84c1b79334,4,79.9,319.6,1
716,04/08/2023,dd19733625ab,2,49.9,99.8,1
717,04/08/2023,b23babdc647e,2,257.41,514.82,1
718,04/08/2023,5dde513bdace,3,849.9,2549.7,1
719,04/08/2023,f9737cc6b869,1,69.9,69.9,1
720,04/08/2023,03dfd037bfd5,3,149.9,449.7,1
721,04/08/2023,def4adf624b0,35,59.86,2095,1
722,04/08/2023,796728c0d88a,1,352,352,1
723,04/08/2023,fdbeb131620c,2,219,438,1
724,04/08/2023,ebbb78e2e51a,3,229.9,689.7,1
725,04/08/2023,e31b9d953287,1,62.63,62.63,1
726,04/08/2023,3d86e6829ee5,1,56.23,56.23,1
727,04/08/2023,bf875510b3b9,4.898,369.37,1809.18,1
728,04/08/2023,2280ece1b0f3,10,33.03,330.32,1
729,04/08/2023,627283d65e00,6.046,429,2593.74,1
730,04/08/2023,4d0024c8181b,1,89.9,89.9,1
731,04/08/2023,b1fcab523700,1,729.9,729.9,1
732,04/08/2023,4ba7bd3885d1,1,79.9,79.9,1
733,04/08/2023,26cf5b4a9e8b,1,399.9,399.9,1
734,04/08/2023,bc09400daa5d,5,263.26,1316.3,1
735,04/08/2023,c51f3a5fa796,3,3.98,11.95,1
736,04/08/2023,badb5d267d60,19,63.94,1214.87,1
737,04/08/2023,6607906aa9aa,1,89.9,89.9,1
738,04/08/2023,d70452bf9aa8,1,499.9,499.9,1
739,04/08/2023,b6077dbbb65f,5,100.03,500.13,1
740,04/08/2023,b34963b5287f,6,10.9,65.38,1
741,04/08/2023,80dfa048f0e7,1,35.9,35.9,1
742,04/08/2023,66a9f49d9a60,2,69.9,139.8,1
743,04/08/2023,e3cb93357151,6,81.64,489.81,1
744,04/08/2023,cc4be9c71ec6,2,499.9,999.8,1
745,04/08/2023,4e543638b6e1,1,74.9,74.9,1
746,04/08/2023,1d1ab0704a17,0.444,799.91,355.16,1
747,04/08/2023,efd51835bde5,6,45,270,1
748,04/08/2023,0b509ce4aff5,1,49.9,49.9,1
749,04/08/2023,4049b65117d5,1,149.9,149.9,1
750,04/08/2023,e8227eaaeeec,17,96.82,1645.97,1
751,04/08/2023,b6120a5f4e28,1,2190,2190,1
752,04/08/2023,77bbec1e34f1,6,39.9,239.4,1
753,04/08/2023,15a16ff982e2,18,49.9,898.2,1
754,04/08/2023,ef09dbc9fa66,2,54.9,109.8,1
755,04/08/2023,63243c997ef1,3,329.9,989.7,1
756,04/08/2023,630f1fd1c826,1,209.9,209.9,1
757,04/08/2023,a29a0901af38,10,74.76,747.62,1
758,04/08/2023,aa30ba09be6d,1,39.59,39.59,1
759,04/08/2023,ce8420642cc1,1,209,209,1
760,04/08/2023,d073f845f67e,6,18.9,113.4,1
761,04/08/2023,1a3575595d58,4.794,399.89,1917.07,1
762,04/08/2023,3841203cd0d9,3,249,747,1
763,04/08/2023,3bf9f0c329e2,2,179.9,359.8,1
764,04/08/2023,16b9ddd0e0b6,5,150,750,1
765,04/08/2023,67660e92e334,1,145,145,1
766,04/08/2023,3b093e6c3a49,3,38,114,1
767,04/08/2023,0082d7c4d384,2.78,469.9,1306.31,1
768,04/08/2023,f4cf55ec3df2,1,159.9,159.9,1
769,04/08/2023,5e8c41cc9783,8,41.9,335.2,1
770,04/08/2023,0d46d5000d19,32,128.87,4123.97,1
771,04/08/2023,02b9c32fb5bb,1,109.9,109.9,1
772,04/08/2023,9bc1edb79160,0.27,699.89,188.97,1
773,04/08/2023,e328f835c803,5,128.91,644.56,1
774,04/08/2023,4f3274f86e2b,3,129.9,389.7,1
775,04/08/2023,b7acdeb1d95d,4,119.9,479.6,1
776,04/08/2023,09311d792cc0,1,168,168,1
777,04/08/2023,ee7b9307813f,5,109.74,548.7,1
778,04/08/2023,8477d49f0c7b,1,41.9,41.9,1
779,04/08/2023,bca013a15ca2,8,359.9,2879.2,1
780,04/08/2023,a2644d41d880,2,64.9,129.8,1
781,04/08/2023,05f468be3e2f,11,85.53,940.79,1
782,04/08/2023,b16b1a164222,14,25.86,362.07,1
783,04/08/2023,cdc996ab14c5,1,249.9,249.9,1
784,04/08/2023,f21d7bc1cb2a,15.096,699.01,10552.33,1
785,04/08/2023,5ee00301b100,4,60,240,1
786,04/08/2023,3ba1b6e1bfa1,1,110,110,1
787,04/08/2023,1db8d809bfef,2,349.9,699.8,1
788,04/08/2023,4f0bb8e3a34f,1,49.9,49.9,1
789,04/08/2023,75d78c595e83,2,125.64,251.27,1
790,04/08/2023,f2b5e19c8eb3,6,14.9,89.4,1
791,04/08/2023,8ce6abf60356,2.182,1031.05,2249.75,1
792,04/08/2023,631a76786904,5,47.94,239.68,1
793,04/08/2023,08494995236f,14,85.78,1200.9,1
794,04/08/2023,2ddab65d9ebf,1,64,64,1
795,04/08/2023,2243cec97a01,9,49.9,449.1,1
796,04/08/2023,8a8e14e9eeb9,1,69.9,69.9,1
797,04/08/2023,c0d7b21c8d13,0.56,539.89,302.34,1
798,04/08/2023,a9ee09caaf40,3,66.9,200.7,1
799,04/08/2023,97a6930b4ac6,1,79.9,79.9,1
800,04/08/2023,3884f735e9dc,40,34.72,1388.94,1
801,04/08/2023,840d1024e0a6,1,799.9,799.9,1
802,04/08/2023,58b36b4cc6bc,2,105.9,211.8,1
803,04/08/2023,65036d0aa337,2,229.9,459.8,1
804,04/08/2023,a61cad7db719,1,230.9,230.9,1
805,04/08/2023,53bcb8620c33,1,14.9,14.9,1
806,04/08/2023,3bfda0d2835f,2,170.86,341.72,1
807,04/08/2023,51672a773b04,3,78,234,1
808,04/08/2023,f0a8030adabd,2,33.4,66.8,1
809,04/08/2023,1bffd28a8295,3,247.57,742.72,1
810,04/08/2023,2e1ad8f25273,1,49.9,49.9,1
811,04/08/2023,4e6b3c70fe00,4,44.9,179.6,1
812,04/08/2023,f97e09465bd9,2.074,449,931.23,1
813,04/08/2023,637d9bb28d0e,16.86,377.06,6357.24,1
814,04/08/2023,47c9a0f71927,2,239.9,479.8,1
815,04/08/2023,03578ba760a9,1,119.4,119.4,1
816,04/08/2023,084d6e3e45db,1,299.9,299.9,1
817,04/08/2023,49a3f0d12eca,1,246.71,246.71,1
818,04/08/2023,0682f673abf8,0.194,1699.9,329.78,1
819,04/08/2023,9ffec90ac0d0,2,169,338,1
820,04/08/2023,b7b19e9a8719,1,499.37,499.37,1
821,04/08/2023,2caaeb5ed929,11,95.67,1052.39,1
822,04/08/2023,235ec09034fa,1,69.9,69.9,1
823,04/08/2023,4717c5111228,56,169.74,9505.23,1
824,04/08/2023,6a022825c6fe,4,99.9,399.6,1
825,04/08/2023,06b65bff53ef,1,79.9,79.9,1
826,04/08/2023,1bba828eeb02,3,98,294,1
827,04/08/2023,18e301c2d6bf,1,53,53,1
828,04/08/2023,0374e021f1ad,1.292,498.44,643.99,1
829,04/08/2023,b9cff7a0b90a,1,249.9,249.9,1
830,04/08/2023,64a89109c658,5,63.92,319.6,1
831,04/08/2023,39bd1c465517,1,549.9,549.9,1
832,04/08/2023,4e0fbcf99cf9,3,69.63,208.9,1
833,04/08/2023,001b302a9387,8,79.9,639.2,1
834,04/08/2023,a32152514ed8,6,89.9,539.4,1
835,04/08/2023,405cef53d704,1,89.9,89.9,1
836,04/08/2023,15fb2b73ec2a,1,199.9,199.9,1
837,04/08/2023,dfa7fba71f1c,3,239,717,1
838,04/08/2023,3945c5f394f2,1,123.5,123.5,1
839,04/08/2023,6267d49864a3,12,99.9,1198.8,1
840,04/08/2023,3e25ad475f2a,1,149.9,149.9,1
841,04/08/2023,7df25e1b6648,1,99.9,99.9,1
842,04/08/2023,d1d9be55a3ab,3,48.23,144.7,1
843,04/08/2023,6fa69451d086,6.687,198.36,1326.44,1
844,04/08/2023,6fd4ab6f4f96,1,114.9,114.9,1
845,04/08/2023,9919f61c2b36,7,99.89,699.22,1
846,04/08/2023,70aa992ec5d5,13,21.9,284.7,1
847,04/08/2023,1643cd824730,22,25.9,569.8,1
848,04/08/2023,6d3f0aa99b77,21.542,449.04,9673.32,1
849,04/08/2023,ba7c2d59aa47,2.294,349.9,802.67,1
850,04/08/2023,c35ddaf21d77,2,259.49,518.97,1
851,04/08/2023,147245b3fe87,7,179.9,1259.3,1
852,04/08/2023,bac97dd6768a,2,69.9,139.8,1
853,04/08/2023,e600fbc8ec58,1,39.9,39.9,1
854,04/08/2023,f665ca2a3a08,3,42.9,128.7,1
855,04/08/2023,f6c12c9ab8dc,7,169.9,1189.3,1
856,04/08/2023,118146ab6383,7,67.81,474.65,1
857,04/08/2023,d1dceb12d604,2,44.9,89.8,1
858,04/08/2023,c8b3187f6dbf,2,70,140,1
859,04/08/2023,6d284b4e9982,157,68.55,10761.9,1
860,04/08/2023,440764a69c8b,8,49.9,399.2,1
861,04/08/2023,f8aebf5f2dcd,6,24,144,1
862,04/08/2023,4fe360518bd2,4,64.9,259.6,1
863,04/08/2023,61c41c1402f2,1,49,49,1
864,04/08/2023,de7c7a547af4,2,34.58,69.15,1
865,04/08/2023,7c2fa5bbbdfe,1,144,144,1
866,04/08/2023,ed33a2b2f289,2,314.9,629.8,1
867,04/08/2023,0033a62250ac,1,129.9,129.9,1
868,04/08/2023,1432096255b8,3,149,447,1
869,04/08/2023,bc098af9e7fc,5,49.9,249.5,1
870,04/08/2023,2de287e567a3,3,99.9,299.7,1
871,04/08/2023,5e305e81ca72,3,109.63,328.9,1
872,04/08/2023,e7fbdb42c076,2,139.9,279.8,1
873,04/08/2023,67462c40e05a,5,41.9,209.5,1
874,04/08/2023,2dce8c213380,2,54,108,1
875,04/08/2023,a26ae9808219,0.734,2190.44,1607.78,1
876,04/08/2023,08dcb6d0c9bb,3.581,479.9,1718.53,1
877,04/08/2023,a7f35fd99b34,22,29.6,651.26,1
878,04/08/2023,e8ce176d1fd8,4,49.9,199.6,1
879,04/08/2023,6cafc2bd1271,2,99,198,1
880,04/08/2023,5d3937581cba,0.502,668.98,335.83,1
881,04/08/2023,39e0a6e2a225,3.021,249.9,754.95,1
882,04/08/2023,0d24310dbbe9,2,129.9,259.8,1
883,04/08/2023,264ec4433b34,1,149.9,149.9,1
884,04/08/2023,823f41b03e80,4,103,412,1
885,04/08/2023,00fcde74daa6,1,149.9,149.9,1
886,04/08/2023,b141b491548c,3,47,141,1
887,04/08/2023,ee865acdae75,5,79.9,399.5,1
888,04/08/2023,fe9959833ff8,5,75,375,1
889,04/08/2023,3e183bf9d1d0,1,99.9,99.9,1
890,04/08/2023,18d0dd039cd8,2.116,659.9,1396.35,1
891,04/08/2023,896e568fcf1d,1,76.9,76.9,1
892,04/08/2023,ee10b86ba378,3,59.9,179.7,1
893,04/08/2023,322fc57646f0,0.436,279.91,122.04,1
894,04/08/2023,0355abb7af3f,6,49.9,299.4,1
895,04/08/2023,c43069b03049,2,149.9,299.8,1
896,04/08/2023,0d8859923544,1,279.9,279.9,1
897,04/08/2023,4f7ed9416c3e,3,99.9,299.7,1
898,04/08/2023,ea843dc4c780,2,129.9,259.8,1
899,04/08/2023,f90dc8fba853,2,19.9,39.8,1
900,04/08/2023,d05185243e19,1,49.9,49.9,1
901,04/08/2023,fbcb81977647,1,59.9,59.9,1
902,04/08/2023,648d59fd3f2e,1,149.9,149.9,1
903,04/08/2023,8f0a0b9b532a,4,54.9,219.6,1
904,04/08/2023,85d97d4fbd8d,1,99.9,99.9,1
905,04/08/2023,da20a48d90a4,7,57.9,405.3,1
906,04/08/2023,8acf1d1a462d,2,160,320,1
907,04/08/2023,efa8d8773fb3,2,89.9,179.8,1
908,04/08/2023,14bd7336f525,3,45.74,137.22,1
909,04/08/2023,8d64c4c7ead7,1,269.9,269.9,1
910,04/08/2023,c5f38f353725,10,87.41,874.06,1
911,04/08/2023,63161948a95a,486,450,218700,1
912,04/08/2023,44fd8eb9f436,1,519.9,519.9,1
913,04/08/2023,9b9092b418ba,2,79.9,159.8,1
914,04/08/2023,325b9128ddfa,8,42.4,339.2,1
915,04/08/2023,847392462fcc,4,227.9,911.6,1
916,04/08/2023,3c492524d350,0.284,999.89,283.97,1
917,04/08/2023,fd60d49a3686,7,225,1575,1
918,04/08/2023,4eb71e27f4c5,2.824,499.9,1411.72,1
919,04/08/2023,df1dedd1f27a,1,25.9,25.9,1
920,04/08/2023,365dfbdb495b,2,549.9,1099.8,1
921,04/08/2023,662689be2318,4,30,120,1
922,04/08/2023,13a31f54ce1b,1,33.9,33.9,1
923,04/08/2023,53e71047efc7,1,86.9,86.9,1
924,04/08/2023,6f29ff28191a,1,149.9,149.9,1
925,04/08/2023,3086e9d5045d,1,151,151,1
926,04/08/2023,b0e36fa68a39,4,199.19,796.74,1
927,04/08/2023,06f449289b1c,2,899.9,1799.8,1
928,04/08/2023,f89e1d64fc7e,2,9.9,19.8,1
929,04/08/2023,b709d9e48c87,1,72.9,72.9,1
930,04/08/2023,b32677852f43,2,69.9,139.8,1
931,04/08/2023,1d102a19bf77,4,20.21,80.85,1
932,04/08/2023,ca084e986974,7.4,149.68,1107.6,1
933,04/08/2023,d1d6dcd6caf3,1,110.9,110.9,1
934,04/08/2023,862f3899ba02,1,85.78,85.78,1
935,04/08/2023,96e355f20315,1,79.9,79.9,1
936,04/08/2023,0b7c15f7c707,1,69.9,69.9,1
937,04/08/2023,03edeeba2ce2,9,61.98,557.86,1
938,04/08/2023,315b9c076ce0,7,74.9,524.3,1
939,04/08/2023,b43ee74f3c8e,3,49.9,149.7,1
940,04/08/2023,42329fdaf1e2,1,1307.03,1307.03,1
941,04/08/2023,5f80a6efd0c5,0.54,477.89,258.06,1
942,04/08/2023,c223c3aafa06,1,134.9,134.9,1
943,04/08/2023,b597163b4d0e,1,369.9,369.9,1
944,04/08/2023,1e6abf2ee5cb,3,119.9,359.7,1
945,04/08/2023,4546f27839a9,3,89.9,269.7,1
946,04/08/2023,24695ee127af,15,44.8,671.93,1
947,04/08/2023,10a5bd97291b,1.29,599.9,773.87,1
948,04/08/2023,62e88cda5f42,1,209.9,209.9,1
949,04/08/2023,cdfc8b5fb303,1,119.9,119.9,1
950,04/08/2023,3b292ebdbc51,0.132,639.02,84.35,1
951,04/08/2023,2b4f2b158096,26,14.88,386.9,1
952,04/08/2023,4f15851c5cf0,1,119.9,119.9,1
953,04/08/2023,68ab8225eec0,3.431,469.9,1612.23,1
954,04/08/2023,594a408253cf,2,1799.9,3599.8,1
955,04/08/2023,42bacc78e763,1,139.9,139.9,1
956,04/08/2023,28f6697c2024,3,37.89,113.68,1
957,04/08/2023,0e218149c963,0.681,239.9,163.37,1
958,04/08/2023,f769928be355,1,74,74,1
959,04/08/2023,3de0b9b7fc76,1,234.9,234.9,1
960,04/08/2023,3d036dd629b5,3,151,453,1
961,04/08/2023,6d2a1db6995e,37,18.69,691.47,1
962,04/08/2023,b2022d99615c,11,16.48,181.31,1
963,04/08/2023,8da8087f2cdb,2,239.9,479.8,1
964,04/08/2023,9c588d73884f,1,93,93,1
965,04/08/2023,55439897605d,1,199.9,199.9,1
966,04/08/2023,f6f3f60ba6bc,1,59.9,59.9,1
967,04/08/2023,66d8c84e3559,5.7,519.9,2963.43,1
968,04/08/2023,1208f8c0e85c,1,114.9,114.9,1
969,04/08/2023,9733b8e63ee7,1,109.9,109.9,1
970,04/08/2023,960bbec819ef,3,100.36,301.08,1
971,04/08/2023,bdddfce9b3b8,2,24,48,1
972,04/08/2023,fc974a842afd,2,29.9,59.8,1
973,04/08/2023,e6bdb63cb7c5,1,119,119,1
974,04/08/2023,1198cdac53a1,1,169.9,169.9,1
975,04/08/2023,592b24ebf2c9,5,99.9,499.5,1
976,04/08/2023,b706c97d58b4,6,209.9,1259.4,1
977,04/08/2023,803cf575a695,1,119.9,119.9,1
978,04/08/2023,9b88bbb090bc,2,43.9,87.8,1
979,04/08/2023,d11df893005f,8,79.9,639.2,1
980,04/08/2023,ef05405eadfa,4,109.74,438.97,1
981,04/08/2023,e6a3ab8acdcf,1.75,649.9,1137.33,1
982,04/08/2023,2716ebe9a4a0,2,159,318,1
983,04/08/2023,b5ab2b2599c3,14.392,359.9,5179.69,1
984,04/08/2023,a50257714be6,1,99.9,99.9,1
985,04/08/2023,91c9c3f4fd2a,2,199.9,399.8,1
986,04/08/2023,e2f0530d0f6e,35,186.83,6539.1,1
987,04/08/2023,581d50bf0c38,75,73.41,5505.91,1
988,04/08/2023,39b46793f326,28,7.9,221.09,1
989,04/08/2023,4adf86b13fd1,12,74.42,893,1
990,04/08/2023,ffea55e3589f,0.43,769.91,331.06,1
991,04/08/2023,ab3e61f84301,1,99.9,99.9,1
992,04/08/2023,d40bb60d50f9,2,145.98,291.95,1
993,04/08/2023,06973be540c3,3,45.9,137.7,1
994,04/08/2023,5c6cc02fa922,2,99.9,199.8,1
995,04/08/2023,e13af761fce8,11,98.99,1088.89,1
996,04/08/2023,127b7ac2fd75,0.53,649,343.97,1
997,04/08/2023,6176e6f93cc7,10,219.76,2197.56,1
998,04/08/2023,eaeef43f1b7b,1,54.9,54.9,1
999,04/08/2023,83378a543692,0.646,662.93,428.25,1
